id;Nombre;Correo electrónico;País;Estado;Ciudad;C.P;RFC;Teléfono;Tipo de Compañía
CLI-0001;Anna-diana Rodenborch;arodenborch0@moonfruit.com;Guatemala;Baja Verapaz;San Jerónimo;15007;412-20-9271;(402) 3726218;Compañía
CLI-0002;Axe Rae;arae1@list-manage.com;Guatemala;Guatemala;San Luis;17009;512-59-0037;(409) 1485853;Individual
CLI-0003;Durant Shervil;dshervil2@deviantart.com;Guatemala;Guatemala;Morales;18004;818-11-1415;(552) 8081987;Compañía
CLI-0004;Arturo Rieflin;arieflin3@hibu.com;Guatemala;Guatemala;Pueblo Nuevo Viñas;6013;100-39-7516;(578) 5192706;Compañía
CLI-0005;Farica Minor;fminor4@privacy.gov.au;Guatemala;Escuintla;San Vicente Pacaya;5012;523-38-0414;(879) 8186444;Individual
CLI-0006;Lian Sellstrom;lsellstrom5@who.int;Guatemala;Guatemala;San Pedro Necta;13006;637-78-9678;(590) 8448401;Individual
CLI-0007;Karlens Inkpin;kinkpin6@miibeian.gov.cn;Guatemala;Guatemala;El Quetzal;12020;605-77-0404;(553) 7522922;Compañía
CLI-0008;Ryon Lead;rlead7@paypal.com;Guatemala;Chimaltenango;Santa Apolonia;4005;695-54-0997;(302) 6831027;Individual
CLI-0009;Sioux Bernasek;sbernasek8@reverbnation.com;Guatemala;Retalhuleu;Champerico;11007;143-35-6955;(650) 1134004;Compañía
CLI-0010;Selby MacSweeney;smacsweeney9@ehow.com;Guatemala;Jutiapa;El Adelanto;22009;855-88-6572;(714) 8114971;Individual
CLI-0011;Ilaire Lundy;ilundya@alexa.com;Guatemala;Guatemala;Lívingston;18002;210-48-8601;(980) 5706882;Individual
CLI-0012;Cal Spykings;cspykingsb@cdc.gov;Guatemala;Escuintla;Escuintla;5001;445-64-6517;(856) 6014007;Individual
CLI-0013;Shanna Fullegar;sfullegarc@rakuten.co.jp;Guatemala;Zacapa;Teculután;19005;653-62-1058;(498) 5364624;Compañía
CLI-0014;Dolores Tanguy;dtanguyd@tripod.com;Guatemala;Totonicapán;San Cristóbal Totonicapán;8002;613-55-7820;(828) 4914467;Individual
CLI-0015;April Eustice;aeusticee@bbb.org;Guatemala;Guatemala;San Miguel Dueñas;3017;406-71-7600;(327) 3195645;Compañía
CLI-0016;Stanly Gercke;sgerckef@usgs.gov;Guatemala;Guatemala;San Luis Jilotepeque;21003;739-42-2746;(663) 8242396;Individual
CLI-0017;Keenan Ryton;krytong@cafepress.com;Guatemala;Alta Verapaz;Tucurú;16006;638-57-3983;(912) 3970355;Compañía
CLI-0018;Lane Matskiv;lmatskivh@google.es;Guatemala;Guatemala;San Juan Atitán;13020;223-38-2983;(706) 8680661;Compañía
CLI-0019;Amalle Gadney;agadneyi@friendfeed.com;Guatemala;Guatemala;San Juan Bautista;10016;202-78-6323;(913) 5698451;Individual
CLI-0020;Zoe Dunderdale;zdunderdalej@theguardian.com;Guatemala;Totonicapán;San Cristóbal Totonicapán;8002;215-44-2660;(484) 7276935;Compañía
CLI-0021;Rupert Tothe;rtothek@xing.com;Guatemala;Guatemala;Ciudad Tecún Umán;22011;824-91-7018;(972) 5720603;Individual
CLI-0022;Paige Srutton;psruttonl@wunderground.com;Guatemala;Santa Rosa;Taxisco;6009;170-44-4463;(269) 1839473;Compañía
CLI-0023;Tomas Pawley;tpawleym@hugedomains.com;Guatemala;Alta Verapaz;Senahú;16008;674-44-6224;(861) 7129523;Compañía
CLI-0024;Hastie Chittim;hchittimn@gnu.org;Guatemala;Guatemala;San Rafael Petzal;13028;681-07-7027;(549) 6074579;Individual
CLI-0025;Emmanuel Knapman;eknapmano@state.tx.us;Guatemala;Santa Rosa;Barberena;6002;280-76-9667;(799) 7457150;Individual
CLI-0026;Devondra Saiger;dsaigerp@opensource.org;Guatemala;Guatemala;San Marcos;12001;777-99-8073;(374) 3897069;Compañía
CLI-0027;Willy Godber;wgodberq@indiegogo.com;Guatemala;Escuintla;San José;17004;224-40-3366;(979) 3591076;Compañía
CLI-0028;Budd Jellyman;bjellymanr@ca.gov;Guatemala;Guatemala;Yepocapa;4012;484-93-4282;(997) 1501535;Individual
CLI-0029;Gale Bernet;gbernets@friendfeed.com;Guatemala;Quetzaltenango;Cabricán;9015;353-28-8572;(541) 1030523;Individual
CLI-0030;Griffy Menci;gmencit@gizmodo.com;Guatemala;Huehuetenango;Jacaltenango;13007;606-58-2675;(775) 9916161;Compañía
CLI-0031;Isabeau Finden;ifindenu@sakura.ne.jp;Guatemala;Alta Verapaz;Tamahú;16005;648-54-4350;(197) 3291151;Individual
CLI-0032;Ravid Ludwell;rludwellv@symantec.com;Guatemala;Chimaltenango;Santa Cruz Balanyá;4015;127-58-7020;(557) 1989494;Compañía
CLI-0033;Hussein Curuclis;hcuruclisw@google.cn;Guatemala;Guatemala;El Quetzal;12020;244-30-3818;(753) 4563760;Individual
CLI-0034;Grover Lacky;glackyx@tinypic.com;Guatemala;Escuintla;Escuintla;5001;681-52-9071;(574) 4558407;Compañía
CLI-0035;Henrie Hunnywell;hhunnywelly@w3.org;Guatemala;Guatemala;San Lucas Sacatepéquez;3009;759-45-6458;(892) 4912759;Individual
CLI-0036;Land Stannering;lstanneringz@edublogs.org;Guatemala;Chimaltenango;Zaragoza;4015;510-92-7675;(589) 7382055;Individual
CLI-0037;Maximo Britee;mbritee10@jiathis.com;Guatemala;Chimaltenango;Santa Cruz Balanyá;4015;690-22-6098;(982) 8125797;Individual
CLI-0038;Miguel Samme;msamme11@theatlantic.com;Guatemala;Guatemala;Tajumulco;12009;504-53-2307;(840) 4808626;Individual
CLI-0039;Sherlock Phillippo;sphillippo12@bloglovin.com;Guatemala;Quiché;Jocotenango;3002;765-69-9058;(657) 4322084;Individual
CLI-0040;Nara Gauntley;ngauntley13@pen.io;Guatemala;Jutiapa;Quesada;22017;341-04-4842;(284) 1047818;Individual
CLI-0052;Chic Gambles;cgambles1f@howstuffworks.com;Guatemala;Suchitepéquez;Ciudad Vieja;3012;271-34-8567;(523) 3174009;Individual
CLI-0042;Zonnya Duly;zduly15@wired.com;Guatemala;Guatemala;Puerto San José;5009;569-92-8462;(755) 6816014;Individual
CLI-0043;Penelope Jeynes;pjeynes16@cbc.ca;Guatemala;Chimaltenango;Patzicía;4011;723-62-9359;(217) 9896754;Individual
CLI-0044;Corty Ulyet;culyet17@meetup.com;Guatemala;Guatemala;San Lucas Sacatepéquez;3009;541-67-9505;(943) 5844737;Compañía
CLI-0062;Blanche Tansey;btansey1p@domainmarket.com;Guatemala;Suchitepéquez;Ciudad Vieja;3012;483-24-5848;(716) 3279985;Individual
CLI-0046;Sherwin Gregoire;sgregoire19@wordpress.org;Guatemala;Jutiapa;Jalpatagua;22012;627-48-1707;(804) 4771715;Compañía
CLI-0047;Frans Wilshere;fwilshere1a@storify.com;Guatemala;Jutiapa;Jalpatagua;22012;182-28-4149;(815) 9286321;Compañía
CLI-0048;Debby Bohlsen;dbohlsen1b@upenn.edu;Guatemala;Guatemala;Comalapa;4004;609-85-7272;(187) 4929530;Compañía
CLI-0049;Koressa Kyme;kkyme1c@vistaprint.com;Guatemala;Guatemala;San Pedro Pinula;21002;380-78-5058;(783) 7510801;Compañía
CLI-0050;Gracie Hymans;ghymans1d@psu.edu;Guatemala;El Progreso;Morazán;2015;719-52-2351;(564) 7127693;Individual
CLI-0051;Silva Coenraets;scoenraets1e@simplemachines.org;Guatemala;Guatemala;La Reforma;12021;662-90-5398;(893) 2575103;Compañía
CLI-0041;Helli Teodoro;hteodoro14@i2i.jp;Guatemala;Sacatepéquez;Zunilito;10009;793-95-9358;(906) 3856710;Individual
CLI-0053;Victor Beaton;vbeaton1g@artisteer.com;Guatemala;Chiquimula;Jocotán;20005;210-79-4923;(739) 9534677;Compañía
CLI-0054;Bridget Packman;bpackman1h@cargocollective.com;Guatemala;Guatemala;San Manuel Chaparrón;22003;415-24-4233;(641) 6742248;Compañía
CLI-0055;Ansel Kitman;akitman1i@clickbank.net;Guatemala;Guatemala;Chuarrancho;1061;200-10-2056;(499) 3085191;Individual
CLI-0056;Caren Atthow;catthow1j@boston.com;Guatemala;Guatemala;San Benito;17003;367-01-0980;(465) 8032845;Compañía
CLI-0057;Shandee Stonhard;sstonhard1k@boston.com;Guatemala;Guatemala;Jerez;22010;662-58-6251;(117) 2424188;Compañía
CLI-0058;Aldon Barrat;abarrat1l@ovh.net;Guatemala;Guatemala;San Pedro Jocopilas;14009;898-55-8563;(622) 8928417;Compañía
CLI-0059;Natasha Loney;nloney1m@yahoo.co.jp;Guatemala;Guatemala;San Juan Ixcoy;13023;522-99-0435;(831) 1200816;Compañía
CLI-0060;Lodovico Spikings;lspikings1n@nature.com;Guatemala;Chiquimula;San Juan Ermita;20003;648-90-0499;(863) 3626623;Individual
CLI-0061;Demetrius Ludlam;dludlam1o@imdb.com;Guatemala;Guatemala;Pueblo Nuevo Viñas;6013;184-08-4665;(465) 4837108;Compañía
CLI-0045;Winne Jandac;wjandac18@cafepress.com;Guatemala;Sacatepéquez;Patulul;10014;453-09-6459;(862) 9871558;Compañía
CLI-0063;Leonid Cloonan;lcloonan1q@netscape.com;Guatemala;Guatemala;San Pedro Necta;13006;411-33-7557;(621) 6276683;Compañía
CLI-0064;Lori Almak;lalmak1r@g.co;Guatemala;Santa Rosa;Barberena;6002;125-31-6487;(233) 8265110;Individual
CLI-0065;Edna Panther;epanther1s@fc2.com;Guatemala;Guatemala;Esquipulas Palo Gordo;12027;130-23-1919;(990) 9122147;Individual
CLI-0066;Robin Brinklow;rbrinklow1t@prlog.org;Guatemala;Guatemala;San Bernardino;10004;186-14-1579;(405) 6343063;Individual
CLI-0067;Paulina Maly;pmaly1u@archive.org;Guatemala;Guatemala;San Antonio Ilotenango;14008;541-88-1765;(733) 9391778;Individual
CLI-0068;Doe Wenn;dwenn1v@flavors.me;Guatemala;Guatemala;Tecpán Guatemala;4006;604-53-8902;(179) 8013262;Compañía
CLI-0069;Roze Houseman;rhouseman1w@msu.edu;Guatemala;Guatemala;Ciudad Tecún Umán;22011;206-72-7679;(712) 7591781;Individual
CLI-0070;Jeffry Georghiou;jgeorghiou1x@yellowpages.com;Guatemala;Guatemala;Santa Cruz La Laguna;7014;455-18-5939;(311) 9255235;Compañía
CLI-0071;Florencia McKinnell;fmckinnell1y@jigsy.com;Guatemala;Guatemala;Comitancillo;12004;294-15-6205;(314) 3976156;Compañía
CLI-0072;Elene Orred;eorred1z@europa.eu;Guatemala;Chimaltenango;Pochuta;4008;310-38-7049;(206) 9712169;Individual
CLI-0073;Abran Boundey;aboundey20@chicagotribune.com;Guatemala;El Progreso;Morazán;2015;831-23-2014;(639) 7854491;Individual
CLI-0074;Norean McCroary;nmccroary21@xing.com;Guatemala;Guatemala;Jerez;22010;181-07-1496;(936) 3885586;Individual
CLI-0075;Lauritz Bucksey;lbucksey22@ameblo.jp;Guatemala;Suchitepéquez;Chicacao;10013;649-39-6629;(502) 7476651;Compañía
CLI-0076;Avril Boules;aboules23@vkontakte.ru;Guatemala;Guatemala;Yepocapa;4012;692-10-9249;(610) 9192404;Compañía
CLI-0077;Julius Seares;jseares24@weebly.com;Guatemala;Zacapa;Cabañas;19018;377-95-3372;(629) 3512055;Individual
CLI-0078;Allyn Goshawke;agoshawke25@twitpic.com;Guatemala;Guatemala;San Lucas Sacatepéquez;3009;818-24-6514;(165) 8736198;Compañía
CLI-0079;Darrin Flux;dflux26@devhub.com;Guatemala;Guatemala;El Quetzal;12020;263-10-9330;(226) 8540084;Compañía
CLI-0080;Cinnamon Luchetti;cluchetti27@geocities.jp;Guatemala;Chimaltenango;San José Poaquil;4002;643-06-3640;(976) 7287459;Individual
CLI-0081;Frederique Brownett;fbrownett28@google.co.uk;Guatemala;Jutiapa;Asunción Mita;22005;604-09-9196;(986) 7063948;Individual
CLI-0082;Janelle Hanscome;jhanscome29@nature.com;Guatemala;Retalhuleu;San Andrés Villa Seca;11006;417-31-1228;(392) 4937023;Compañía
CLI-0083;Lonny Tickle;ltickle2a@imgur.com;Guatemala;Guatemala;San Lucas Tolimán;7013;850-12-2547;(837) 5614654;Individual
CLI-0084;Lottie Huyhton;lhuyhton2b@webmd.com;Guatemala;Guatemala;San Andrés;17004;824-02-6848;(986) 2251586;Individual
CLI-0085;Cynthea House;chouse2c@shop-pro.jp;Guatemala;Sololá;Concepción;7023;778-69-9808;(523) 9351210;Individual
CLI-0086;Darya Boundley;dboundley2d@narod.ru;Guatemala;Guatemala;El Chol;15006;770-58-4072;(789) 3550444;Compañía
CLI-0087;Phillipe Eddleston;peddleston2e@wikipedia.org;Guatemala;Quiché;Jocotenango;3002;225-15-5078;(733) 2357051;Compañía
CLI-0088;Federico Frankum;ffrankum2f@163.com;Guatemala;Huehuetenango;Chiantla;13002;880-61-3394;(722) 7383704;Compañía
CLI-0089;May Rains;mrains2g@skyrock.com;Guatemala;Guatemala;Santa Cruz La Laguna;7014;105-31-6148;(540) 2890337;Individual
CLI-0090;Ashia Silverson;asilverson2h@rediff.com;Guatemala;Suchitepéquez;Mazatenango;10001;393-25-1920;(184) 3219746;Individual
CLI-0091;Nadine Tiesman;ntiesman2i@fema.gov;Guatemala;Guatemala;San Juan Bautista;10016;565-89-1844;(644) 4423841;Compañía
CLI-0092;Avis Nalder;analder2j@ox.ac.uk;Guatemala;Chimaltenango;Zaragoza;4015;735-58-9962;(142) 1735978;Individual
CLI-0093;Valene Buyers;vbuyers2k@icio.us;Guatemala;Suchitepéquez;Patulul;10014;279-26-0580;(344) 8834548;Individual
CLI-0094;Viva Clowney;vclowney2l@acquirethisname.com;Guatemala;Chimaltenango;Santa Apolonia;4005;143-03-0488;(226) 3041698;Compañía
CLI-0095;Devondra Cainey;dcainey2m@technorati.com;Guatemala;Guatemala;San Rafael Petzal;13028;874-37-3757;(722) 7917555;Individual
CLI-0096;Jamaal Climer;jclimer2n@cargocollective.com;Guatemala;Guatemala;Chuarrancho;1061;318-93-9086;(833) 5323819;Compañía
CLI-0097;Ally MacCumiskey;amaccumiskey2o@sphinn.com;Guatemala;Izabal;El Estor;18003;888-78-7415;(580) 7247422;Individual
CLI-0098;Roxine Bramhall;rbramhall2p@ucla.edu;Guatemala;Guatemala;Comitancillo;12004;132-14-9875;(222) 4118946;Compañía
CLI-0099;Rafaello Durden;rdurden2q@soundcloud.com;Guatemala;Chimaltenango;Acatenango;4011;636-34-1298;(744) 1216254;Individual
CLI-0100;Emilio Wiltshear;ewiltshear2r@posterous.com;Guatemala;Guatemala;San Lucas Tolimán;7013;689-34-2938;(889) 9748694;Individual
